test;0222222222;test@test.com;May 29, 2018, 10:26 am
﻿;;;May 29, 2018, 10:19 am
﻿;;;May 29, 2018, 10:19 am
﻿;;;May 29, 2018, 10:18 am
﻿;;;May 29, 2018, 10:15 am
﻿;;;May 29, 2018, 10:13 am
﻿;;;May 29, 2018, 10:13 am
﻿;;;May 29, 2018, 10:10 am
﻿;;;May 25, 2018, 3:30 pm
﻿;;;May 25, 2018, 3:30 pm
﻿;;;May 25, 2018, 3:28 pm
﻿;;;May 25, 2018, 3:21 pm
﻿;;;May 25, 2018, 3:18 pm
﻿;;;May 25, 2018, 3:16 pm
﻿;;;May 25, 2018, 3:14 pm
﻿;;;May 25, 2018, 3:12 pm
﻿;;;May 25, 2018, 3:10 pm
﻿;;;May 25, 2018, 3:08 pm
﻿;;;May 25, 2018, 3:06 pm
﻿;;;May 25, 2018, 3:04 pm
﻿;;;May 25, 2018, 3:02 pm
