;;;May 25, 2018, 3:23 pm
﻿;;;May 25, 2018, 3:23 pm
﻿;;;May 25, 2018, 3:23 pm
﻿;;;May 25, 2018, 3:23 pm
﻿;;;May 25, 2018, 3:23 pm
﻿;;;May 25, 2018, 3:23 pm
﻿;;;May 25, 2018, 3:17 pm
﻿;;;May 25, 2018, 3:17 pm
﻿;;;May 25, 2018, 3:17 pm
﻿;;;May 25, 2018, 3:17 pm
﻿;;;May 25, 2018, 3:17 pm
﻿;;;May 25, 2018, 3:16 pm
﻿;;;May 25, 2018, 3:16 pm
﻿;;;May 25, 2018, 3:16 pm
﻿;;;May 25, 2018, 3:16 pm
﻿;;;May 25, 2018, 3:16 pm
﻿;;;May 25, 2018, 3:16 pm
﻿;;;May 25, 2018, 3:16 pm
﻿;;;May 25, 2018, 3:16 pm
﻿;;;May 25, 2018, 3:16 pm
﻿;;;May 25, 2018, 3:16 pm
﻿;;;May 25, 2018, 3:16 pm
﻿;;;May 25, 2018, 3:16 pm
﻿;;;May 25, 2018, 3:16 pm
﻿;;;May 25, 2018, 3:15 pm
﻿;;;May 25, 2018, 3:15 pm
﻿;;;May 25, 2018, 3:15 pm
﻿;;;May 25, 2018, 3:15 pm
﻿;;;May 25, 2018, 3:15 pm
﻿;;;May 25, 2018, 3:15 pm
﻿;;;May 25, 2018, 3:02 pm
﻿;;;May 25, 2018, 3:02 pm
﻿;;;May 25, 2018, 3:02 pm
﻿;;;May 25, 2018, 3:02 pm
﻿;;;May 25, 2018, 3:02 pm
﻿;;;May 25, 2018, 3:02 pm
